SNO,NAME,DESIGNATION
1,AADEPU SUSHMA,Cyber Security & Network Analyst
2,VUYYALA SYAM GOPAL,Cyber Security Analyst
3,KALLA GOWTHAM,Cyber Security Analyst
4,V SIREESHA,Cyber Security Analyst
5,SEKHARAPALLI KARTHIK RAM KUMAR,Cyber Security Forensic Engineer
6,PEETHA SRI HARSHINI,Data Analyst
7,PAMULAPATI SUPRIYA,Data Analyst
8,KONDA VASUNDHARA REDDY,Data Analyst
9,MOHAMMED ASHAR REHAN,Data Scientist
10,SAYYAD SAMEER,Data Scientist
11,REKHAPALLI NAGALAKSHMI,Data Scientist
12,GADE BALA ABHILASH REDDY,Data Scientist
13,MALLIPEDDI LOHITHA,Data Scientist
14,KESANA NAGA MANIKANTA BABU,Data Scientist
15,MATTA VINAY AKHIL,Data Scientist
16,PEDDI SAI KIRAN,Data Scientist
17,MEDISETTI CHANDRA MOULI,Full-Stack Developer
18,VENNA TIRUPATHAMMA,HR Recruiter
19,EEDPUGANTI ESWARI,Research Analyst
20,KAKANI JAGADEESH,Research Analyst
21,KATTA DURGA SAI KUMAR,Research Analyst
22,ADIVISHNU JYOTHIR RAGA SAI VIGNESH,Research Analyst
23,VALLABHANENI VAKDEVI,Research Analyst
24,MOHAMMED KARISHMA SULTHANA,Research Analyst
25,MADDIRALA ANANT RAAG,Research Analyst
26,KOTA RAVALI,Research Analyst
27,CH SUVARNA,Research Analyst
28,CH E VALLI DEVI,Research Analyst
29,S ESWAR NAGA VENKATA SATYA PRASAD,Research Analyst
30,MD IBRAHIM,Research Analyst
31,MD ABDUL HAFEEZ,Research Analyst
32,K KEERTHANA,Research Analyst
33,KORASALA NARASIMHARAJU,Research Analyst
34,VADLAMANI NAGASUDHEER,Research Analyst
35,LOCHARLA HARIKA,Research Analyst
36,CHANDANA KUMBA,Research Analyst
37,REKHA BENAYARAM,Research Analyst
38,GATTIGORLA DINESH,Research Analyst
39,ITHAM RAM MURTHY,Research Analyst
40,SANIVARAPU GIRISH KUMAR REDDY,Research Analyst
41,POLA VENKATA KANAKA DURGA CHITTI BABU VEMPADA,Research Analyst
42,TAUFEEQ MOHAMMAD,Research Analyst
43,PRABHU KRANTHI,Research Analyst
44,VANAPALLI VENKATESH,GT
45,MEKALA AKHIL PREETAM,GT
46,GANJA VIJAY KUMAR,GT
47,KILARI REVATHI,GT
48,MD ZIYA,Software Engineer
49,L SADA SIVA RAO,Software Engineer
50,MATTA ARUN ADITYA,Software Engineer
51,G.SIVARAMALAKSHMI,Sr. Data Analyst
52,KASU KAVYA,Sr. Data Analyst
53,MULLA LAKSHMI PRASANNA,Sr. Data Analyst
54,SYED WASIM AKRAM,Sr. Data Analyst/ Team Leader
55,ERAGADINDLA SREENU,
56,VUNDRALA DURGA PRASAD,
57,MEKALA BHAVANI SANKAR,
